name,username,phone,email
Leanne Graham,Bret,1-770-736-8031 x56442,Sincere@april.biz
Ervin Howell,Antonette,010-692-6593 x09125,Shanna@melissa.tv
Clementine Bauch,Samantha,1-463-123-4447,Nathan@yesenia.net
Patricia Lebsack,Karianne,493-170-9623 x156,Julianne.OConner@kory.org
Chelsey Dietrich,Kamren,(254)954-1289,Lucio_Hettinger@annie.ca
Mrs. Dennis Schulist,Leopoldo_Corkery,1-477-935-8478 x6430,Karley_Dach@jasper.info
Kurtis Weissnat,Elwyn.Skiles,210.067.6132,Telly.Hoeger@billy.biz
Nicholas Runolfsdottir V,Maxime_Nienow,586.493.6943 x140,Sherwood@rosamond.me
Glenna Reichert,Delphine,(775)976-6794 x41206,Chaim_McDermott@dana.io
Clementina DuBuque,Moriah.Stanton,024-648-3804,Rey.Padberg@karina.biz
